	Euclidean	Cosine	Manhattan	Descriptor	DSSIM	K-S	Wasserstein	LPIPS
1	1.068948209876337	0.7438245227535781	84.58036259832275	0.7860408952829805	0.6205971040799572	0.51409912109375	0.21436871590845422	0.2409801073372364